{
    "counter": {
        "DropCatch.com 1231 LLC": 2,
        "DropCatch.com 1424 LLC": 2,
        "DropCatch.com 1448 LLC": 2,
        "DropCatch.com 1496 LLC": 2,
        "DropCatch.com 423 LLC": 2,
        "DropCatch.com 469 LLC": 2,
        "DropCatch.com 951 LLC": 2,
        "Dynadot Inc": 28,
        "Dynadot LLC": 2,
        "Dynadot, LLC": 2,
        "Dynadot5 LLC": 2,
        "Dynadot8 LLC": 2,
        "Free Drop Zone LLC": 2,
        "Gname 027 Inc": 2,
        "Gname 054 Inc": 2,
        "Gname 161 Inc": 2,
        "Gname.com Pte. Ltd.": 4,
        "GoDaddy.com, LLC": 130,
        "NAMECHEAP": 2,
        "NameCheap, Inc.": 166,
        "NameSilo, LLC": 24,
        "Namecheap": 8,
        "PDR Ltd. d/b/a PublicDomainRegistry.com": 6,
        "PT Jagat Informasi Solusi (int)": 12,
        "Register.com, Inc.": 2,
        "TurnCommerce, Inc. DBA NameBright.com": 4,
        "Wild West Domains, LLC": 2,
        "total": 418
    },
    "percentage": {
        "DropCatch.com 1231 LLC": 0.4784688995215311,
        "DropCatch.com 1424 LLC": 0.4784688995215311,
        "DropCatch.com 1448 LLC": 0.4784688995215311,
        "DropCatch.com 1496 LLC": 0.4784688995215311,
        "DropCatch.com 423 LLC": 0.4784688995215311,
        "DropCatch.com 469 LLC": 0.4784688995215311,
        "DropCatch.com 951 LLC": 0.4784688995215311,
        "Dynadot Inc": 6.698564593301436,
        "Dynadot LLC": 0.4784688995215311,
        "Dynadot, LLC": 0.4784688995215311,
        "Dynadot5 LLC": 0.4784688995215311,
        "Dynadot8 LLC": 0.4784688995215311,
        "Free Drop Zone LLC": 0.4784688995215311,
        "Gname 027 Inc": 0.4784688995215311,
        "Gname 054 Inc": 0.4784688995215311,
        "Gname 161 Inc": 0.4784688995215311,
        "Gname.com Pte. Ltd.": 0.9569377990430622,
        "GoDaddy.com, LLC": 31.10047846889952,
        "NAMECHEAP": 0.4784688995215311,
        "NameCheap, Inc.": 39.71291866028708,
        "NameSilo, LLC": 5.741626794258373,
        "Namecheap": 1.9138755980861244,
        "PDR Ltd. d/b/a PublicDomainRegistry.com": 1.4354066985645932,
        "PT Jagat Informasi Solusi (int)": 2.8708133971291865,
        "Register.com, Inc.": 0.4784688995215311,
        "TurnCommerce, Inc. DBA NameBright.com": 0.9569377990430622,
        "Wild West Domains, LLC": 0.4784688995215311,
        "total": 99.99999999999999
    }
}